id,resource_state,name,elapsed_time,moving_time,start_date,start_date_local,distance,start_index,end_index,average_cadence,device_watts,average_watts,pr_rank,achievements,kom_rank,activity.id,activity.resource_state,athlete.id,athlete.resource_state,segment.id,segment.resource_state,segment.name,segment.activity_type,segment.distance,segment.average_grade,segment.maximum_grade,segment.elevation_high,segment.elevation_low,segment.start_latlng,segment.end_latlng,segment.elevation_profile,segment.climb_category,segment.city,segment.state,segment.country,segment.private,segment.hazardous,segment.starred,average_heartrate,max_heartrate
3085119114158637794,2,Descenso real Coll de Soller,436,436,2023-04-23T05:46:17Z,2023-04-23T07:46:17Z,4873.8,2011,2447,71.1,True,227.4,1.0,"[{'type_id': 3, 'type': 'pr', 'rank': 1}, {'type_id': 7, 'type': 'segment_effort_count_leader', 'rank': 1, 'effort_count': 21}]",,8940402888,1,1057751,1,14452623,2,Descenso real Coll de Soller,Ride,4873.8,-5.1,0.0,484.8,234.0,"[39.730475, 2.686211]","[39.716404, 2.690344]",,0,,,,False,False,False,,
3089095835468653304,2,Descenso real Coll de Soller,440,440,2023-05-04T05:26:33Z,2023-05-04T07:26:33Z,4873.8,1981,2421,69.0,True,216.0,2.0,"[{'type_id': 3, 'type': 'pr', 'rank': 2}, {'type_id': 7, 'type': 'segment_effort_count_leader', 'rank': 1, 'effort_count': 21}]",,9007326446,1,1057751,1,14452623,2,Descenso real Coll de Soller,Ride,4873.8,-5.1,0.0,484.8,234.0,"[39.730475, 2.686211]","[39.716404, 2.690344]",,0,,,,False,False,False,,
3082599773664060810,2,Descenso real Coll de Soller,449,449,2023-04-16T05:54:30Z,2023-04-16T07:54:30Z,4873.8,2003,2452,68.6,True,187.9,1.0,"[{'type_id': 3, 'type': 'pr', 'rank': 1}, {'type_id': 7, 'type': 'segment_effort_count_leader', 'rank': 1, 'effort_count': 21}]",,8898884662,1,1057751,1,14452623,2,Descenso real Coll de Soller,Ride,4873.8,-5.1,0.0,484.8,234.0,"[39.730475, 2.686211]","[39.716404, 2.690344]",,0,,,,False,False,False,,
3081127002641061968,2,Descenso real Coll de Soller,454,454,2023-04-12T05:37:29Z,2023-04-12T07:37:29Z,4873.8,1945,2399,67.2,True,189.0,1.0,"[{'type_id': 3, 'type': 'pr', 'rank': 1}, {'type_id': 7, 'type': 'segment_effort_count_leader', 'rank': 1, 'effort_count': 21}]",,8876139672,1,1057751,1,14452623,2,Descenso real Coll de Soller,Ride,4873.8,-5.1,0.0,484.8,234.0,"[39.730475, 2.686211]","[39.716404, 2.690344]",,0,,,,False,False,False,,
3075417864567144368,2,Descenso real Coll de Soller,456,456,2023-03-27T09:59:22Z,2023-03-27T11:59:22Z,4873.8,1865,2321,62.7,True,167.4,1.0,"[{'type_id': 3, 'type': 'pr', 'rank': 1}, {'type_id': 7, 'type': 'segment_effort_count_leader', 'rank': 1, 'effort_count': 21}]",,8785676202,1,1057751,1,14452623,2,Descenso real Coll de Soller,Ride,4873.8,-5.1,0.0,484.8,234.0,"[39.730475, 2.686211]","[39.716404, 2.690344]",,0,,,,False,False,False,,
3074986676734813870,2,Descenso real Coll de Soller,458,458,2023-03-26T06:39:11Z,2023-03-26T08:39:11Z,4873.8,2118,2576,66.5,True,179.1,1.0,"[{'type_id': 3, 'type': 'pr', 'rank': 1}, {'type_id': 7, 'type': 'segment_effort_count_leader', 'rank': 1, 'effort_count': 21}]",,8778494710,1,1057751,1,14452623,2,Descenso real Coll de Soller,Ride,4873.8,-5.1,0.0,484.8,234.0,"[39.730475, 2.686211]","[39.716404, 2.690344]",,0,,,,False,False,False,,
3068924914381836480,2,Descenso real Coll de Soller,468,468,2023-03-09T13:10:21Z,2023-03-09T14:10:21Z,4873.8,1968,2436,63.9,True,131.3,1.0,"[{'type_id': 3, 'type': 'pr', 'rank': 1}, {'type_id': 7, 'type': 'segment_effort_count_leader', 'rank': 1, 'effort_count': 21}]",,8686228842,1,1057751,1,14452623,2,Descenso real Coll de Soller,Ride,4873.8,-5.1,0.0,484.8,234.0,"[39.730475, 2.686211]","[39.716404, 2.690344]",,0,,,,False,False,False,,
3089827720745384474,2,Descenso real Coll de Soller,468,468,2023-05-06T05:31:10Z,2023-05-06T07:31:10Z,4873.8,2027,2495,63.3,True,157.3,,"[{'type_id': 7, 'type': 'segment_effort_count_leader', 'rank': 1, 'effort_count': 21}]",,9018880195,1,1057751,1,14452623,2,Descenso real Coll de Soller,Ride,4873.8,-5.1,0.0,484.8,234.0,"[39.730475, 2.686211]","[39.716404, 2.690344]",,0,,,,False,False,False,,
3069573670944618460,2,Descenso real Coll de Soller,470,470,2023-03-11T08:09:02Z,2023-03-11T09:09:02Z,4873.8,1909,2379,64.0,True,143.0,2.0,"[{'type_id': 3, 'type': 'pr', 'rank': 2}, {'type_id': 7, 'type': 'segment_effort_count_leader', 'rank': 1, 'effort_count': 21}]",,8694760470,1,1057751,1,14452623,2,Descenso real Coll de Soller,Ride,4873.8,-5.1,0.0,484.8,234.0,"[39.730475, 2.686211]","[39.716404, 2.690344]",,0,,,,False,False,False,142.7,161.0
3072100356836170818,2,Descenso real Coll de Soller,472,472,2023-03-18T06:49:16Z,2023-03-18T07:49:16Z,4873.8,1940,2412,65.8,True,146.8,3.0,"[{'type_id': 3, 'type': 'pr', 'rank': 3}, {'type_id': 7, 'type': 'segment_effort_count_leader', 'rank': 1, 'effort_count': 21}]",,8733159494,1,1057751,1,14452623,2,Descenso real Coll de Soller,Ride,4873.8,-5.1,0.0,484.8,234.0,"[39.730475, 2.686211]","[39.716404, 2.690344]",,0,,,,False,False,False,,
2968820805530845918,2,Descenso real Coll de Soller,474,474,2022-06-06T08:35:14Z,2022-06-06T10:35:14Z,4873.8,3321,3795,60.0,True,133.8,1.0,"[{'type_id': 3, 'type': 'pr', 'rank': 1}, {'type_id': 7, 'type': 'segment_effort_count_leader', 'rank': 1, 'effort_count': 21}]",,7263068085,1,1057751,1,14452623,2,Descenso real Coll de Soller,Ride,4873.8,-5.1,0.0,484.8,234.0,"[39.730475, 2.686211]","[39.716404, 2.690344]",,0,,,,False,False,False,,
3012755959107702206,2,Descenso real Coll de Soller,475,475,2022-10-05T13:15:57Z,2022-10-05T15:15:57Z,4873.8,1875,2350,57.2,True,132.9,2.0,"[{'type_id': 3, 'type': 'pr', 'rank': 2}, {'type_id': 7, 'type': 'segment_effort_count_leader', 'rank': 1, 'effort_count': 21}]",,7915641645,1,1057751,1,14452623,2,Descenso real Coll de Soller,Ride,4873.8,-5.1,0.0,484.8,234.0,"[39.730475, 2.686211]","[39.716404, 2.690344]",,0,,,,False,False,False,,
2952525579032924282,2,Descenso real Coll de Soller,476,476,2022-04-22T09:23:24Z,2022-04-22T11:23:24Z,4873.8,1964,2440,67.6,True,173.9,1.0,"[{'type_id': 3, 'type': 'pr', 'rank': 1}, {'type_id': 7, 'type': 'segment_effort_count_leader', 'rank': 1, 'effort_count': 21}]",,7021815456,1,1057751,1,14452623,2,Descenso real Coll de Soller,Ride,4873.8,-5.1,0.0,484.8,234.0,"[39.730475, 2.686211]","[39.716404, 2.690344]",,0,,,,False,False,False,,
2958383336184029158,2,Descenso real Coll de Soller,478,478,2022-05-08T12:43:59Z,2022-05-08T14:43:59Z,4873.8,1856,2334,59.5,True,109.0,2.0,"[{'type_id': 3, 'type': 'pr', 'rank': 2}, {'type_id': 7, 'type': 'segment_effort_count_leader', 'rank': 1, 'effort_count': 21}]",,7108572237,1,1057751,1,14452623,2,Descenso real Coll de Soller,Ride,4873.8,-5.1,0.0,484.8,234.0,"[39.730475, 2.686211]","[39.716404, 2.690344]",,0,,,,False,False,False,,
3022509516113163166,2,Descenso real Coll de Soller,478,478,2022-11-01T11:27:06Z,2022-11-01T12:27:06Z,4873.8,2710,3188,54.4,True,91.9,,"[{'type_id': 7, 'type': 'segment_effort_count_leader', 'rank': 1, 'effort_count': 21}]",,8052403301,1,1057751,1,14452623,2,Descenso real Coll de Soller,Ride,4873.8,-5.1,0.0,484.8,234.0,"[39.730475, 2.686211]","[39.716404, 2.690344]",,0,,,,False,False,False,116.4,135.0
2933698648224222550,2,Descenso real Coll de Soller,479,479,2022-03-01T09:50:30Z,2022-03-01T10:50:30Z,4873.8,1921,2400,59.5,True,142.1,1.0,"[{'type_id': 3, 'type': 'pr', 'rank': 1}, {'type_id': 7, 'type': 'segment_effort_count_leader', 'rank': 1, 'effort_count': 21}]",,6755398466,1,1057751,1,14452623,2,Descenso real Coll de Soller,Ride,4873.8,-5.1,0.0,484.8,234.0,"[39.730475, 2.686211]","[39.716404, 2.690344]",,0,,,,False,False,False,,
3087001214450208582,2,Descenso real Coll de Soller,481,481,2023-04-28T10:29:06Z,2023-04-28T12:29:06Z,4873.8,1801,2282,56.6,True,115.7,,"[{'type_id': 7, 'type': 'segment_effort_count_leader', 'rank': 1, 'effort_count': 21}]",,8971540897,1,1057751,1,14452623,2,Descenso real Coll de Soller,Ride,4873.8,-5.1,0.0,484.8,234.0,"[39.730475, 2.686211]","[39.716404, 2.690344]",,0,,,,False,False,False,,
2953366329817353832,2,Descenso real Coll de Soller,482,482,2022-04-24T16:24:36Z,2022-04-24T18:24:36Z,4873.8,1870,2351,60.6,True,109.0,3.0,"[{'type_id': 3, 'type': 'pr', 'rank': 3}, {'type_id': 7, 'type': 'segment_effort_count_leader', 'rank': 1, 'effort_count': 21}]",,7035154265,1,1057751,1,14452623,2,Descenso real Coll de Soller,Ride,4873.8,-5.1,0.0,484.8,234.0,"[39.730475, 2.686211]","[39.716404, 2.690344]",,0,,,,False,False,False,,
3085898539098594904,2,Descenso real Coll de Soller,487,487,2023-04-25T09:17:32Z,2023-04-25T11:17:32Z,4873.8,1772,2259,56.2,True,120.1,,"[{'type_id': 7, 'type': 'segment_effort_count_leader', 'rank': 1, 'effort_count': 21}]",,8953436022,1,1057751,1,14452623,2,Descenso real Coll de Soller,Ride,4873.8,-5.1,0.0,484.8,234.0,"[39.730475, 2.686211]","[39.716404, 2.690344]",,0,,,,False,False,False,,
3022850836301789178,2,Descenso real Coll de Soller,488,488,2022-11-02T07:03:42Z,2022-11-02T08:03:42Z,4873.8,2039,2527,54.3,True,77.5,,"[{'type_id': 7, 'type': 'segment_effort_count_leader', 'rank': 1, 'effort_count': 21}]",,8056989690,1,1057751,1,14452623,2,Descenso real Coll de Soller,Ride,4873.8,-5.1,0.0,484.8,234.0,"[39.730475, 2.686211]","[39.716404, 2.690344]",,0,,,,False,False,False,115.3,149.0
3070678207523100384,2,Descenso real Coll de Soller,491,491,2023-03-14T07:48:28Z,2023-03-14T08:48:28Z,4873.8,2055,2546,59.9,True,104.8,,"[{'type_id': 7, 'type': 'segment_effort_count_leader', 'rank': 1, 'effort_count': 21}]",,8711957870,1,1057751,1,14452623,2,Descenso real Coll de Soller,Ride,4873.8,-5.1,0.0,484.8,234.0,"[39.730475, 2.686211]","[39.716404, 2.690344]",,0,,,,False,False,False,,
2953632367190783592,2,Descenso real Coll de Soller,492,492,2022-04-25T08:15:54Z,2022-04-25T10:15:54Z,4873.8,2035,2527,58.7,True,105.9,,"[{'type_id': 7, 'type': 'segment_effort_count_leader', 'rank': 1, 'effort_count': 21}]",,7038009679,1,1057751,1,14452623,2,Descenso real Coll de Soller,Ride,4873.8,-5.1,0.0,484.8,234.0,"[39.730475, 2.686211]","[39.716404, 2.690344]",,0,,,,False,False,False,,
2960134447304327792,2,Descenso real Coll de Soller,492,492,2022-05-13T08:08:11Z,2022-05-13T10:08:11Z,4873.8,1979,2471,59.1,True,93.4,,"[{'type_id': 7, 'type': 'segment_effort_count_leader', 'rank': 1, 'effort_count': 21}]",,7134561476,1,1057751,1,14452623,2,Descenso real Coll de Soller,Ride,4873.8,-5.1,0.0,484.8,234.0,"[39.730475, 2.686211]","[39.716404, 2.690344]",,0,,,,False,False,False,,
2973129052058192802,2,Descenso real Coll de Soller,492,491,2022-06-18T05:11:51Z,2022-06-18T07:11:51Z,4873.8,2107,2599,55.2,True,97.0,,"[{'type_id': 7, 'type': 'segment_effort_count_leader', 'rank': 1, 'effort_count': 21}]",,7326791860,1,1057751,1,14452623,2,Descenso real Coll de Soller,Ride,4873.8,-5.1,0.0,484.8,234.0,"[39.730475, 2.686211]","[39.716404, 2.690344]",,0,,,,False,False,False,,
3016679535821680820,2,Descenso real Coll de Soller,492,492,2022-10-16T08:54:45Z,2022-10-16T10:54:45Z,4873.8,1751,2243,57.0,True,102.0,,"[{'type_id': 7, 'type': 'segment_effort_count_leader', 'rank': 1, 'effort_count': 21}]",,7970878479,1,1057751,1,14452623,2,Descenso real Coll de Soller,Ride,4873.8,-5.1,0.0,484.8,234.0,"[39.730475, 2.686211]","[39.716404, 2.690344]",,0,,,,False,False,False,,
2942394292534109818,2,Descenso real Coll de Soller,493,493,2022-03-25T09:28:20Z,2022-03-25T10:28:20Z,4873.8,2065,2558,57.3,True,116.0,2.0,"[{'type_id': 3, 'type': 'pr', 'rank': 2}, {'type_id': 7, 'type': 'segment_effort_count_leader', 'rank': 1, 'effort_count': 21}]",,6879415846,1,1057751,1,14452623,2,Descenso real Coll de Soller,Ride,4873.8,-5.1,0.0,484.8,234.0,"[39.730475, 2.686211]","[39.716404, 2.690344]",,0,,,,False,False,False,,
2943128177341459374,2,Descenso real Coll de Soller,493,493,2022-03-27T10:00:34Z,2022-03-27T12:00:34Z,4873.8,2733,3226,59.4,True,133.2,3.0,"[{'type_id': 3, 'type': 'pr', 'rank': 3}, {'type_id': 7, 'type': 'segment_effort_count_leader', 'rank': 1, 'effort_count': 21}]",,6890532682,1,1057751,1,14452623,2,Descenso real Coll de Soller,Ride,4873.8,-5.1,0.0,484.8,234.0,"[39.730475, 2.686211]","[39.716404, 2.690344]",,0,,,,False,False,False,,
2956141712117307820,2,Descenso real Coll de Soller,493,493,2022-05-02T08:15:08Z,2022-05-02T10:15:08Z,4873.8,1832,2325,58.2,True,105.4,,"[{'type_id': 7, 'type': 'segment_effort_count_leader', 'rank': 1, 'effort_count': 21}]",,7074622719,1,1057751,1,14452623,2,Descenso real Coll de Soller,Ride,4873.8,-5.1,0.0,484.8,234.0,"[39.730475, 2.686211]","[39.716404, 2.690344]",,0,,,,False,False,False,,
3040608957108087378,2,Descenso real Coll de Soller,493,493,2022-12-21T07:08:16Z,2022-12-21T08:08:16Z,4873.8,2023,2515,49.2,True,78.1,,"[{'type_id': 7, 'type': 'segment_effort_count_leader', 'rank': 1, 'effort_count': 21}]",,8274059498,1,1057751,1,14452623,2,Descenso real Coll de Soller,Ride,4873.8,-5.1,0.0,484.8,234.0,"[39.730475, 2.686211]","[39.716404, 2.690344]",,0,,,,False,False,False,119.6,146.0
2949965741629000434,2,Descenso real Coll de Soller,494,494,2022-04-15T07:02:14Z,2022-04-15T09:02:14Z,4873.8,2055,2549,55.6,True,90.3,,"[{'type_id': 7, 'type': 'segment_effort_count_leader', 'rank': 1, 'effort_count': 21}]",,6984060832,1,1057751,1,14452623,2,Descenso real Coll de Soller,Ride,4873.8,-5.1,0.0,484.8,234.0,"[39.730475, 2.686211]","[39.716404, 2.690344]",,0,,,,False,False,False,,
3023253337682320604,2,Descenso real Coll de Soller,495,495,2022-11-03T12:21:08Z,2022-11-03T13:21:08Z,4873.8,2036,2531,53.8,True,84.5,,"[{'type_id': 7, 'type': 'segment_effort_count_leader', 'rank': 1, 'effort_count': 21}]",,8062606225,1,1057751,1,14452623,2,Descenso real Coll de Soller,Ride,4873.8,-5.1,0.0,484.8,234.0,"[39.730475, 2.686211]","[39.716404, 2.690344]",,0,,,,False,False,False,120.3,145.0
2947160249226139822,2,Descenso real Coll de Soller,496,496,2022-04-07T10:26:24Z,2022-04-07T12:26:24Z,4873.8,3035,3531,64.8,True,155.1,,"[{'type_id': 7, 'type': 'segment_effort_count_leader', 'rank': 1, 'effort_count': 21}]",,6945143672,1,1057751,1,14452623,2,Descenso real Coll de Soller,Ride,4873.8,-5.1,0.0,484.8,234.0,"[39.730475, 2.686211]","[39.716404, 2.690344]",,0,,,,False,False,False,,
2948917961996036188,2,Descenso real Coll de Soller,496,496,2022-04-12T09:30:48Z,2022-04-12T11:30:48Z,4873.8,1768,2264,62.8,True,122.4,,"[{'type_id': 7, 'type': 'segment_effort_count_leader', 'rank': 1, 'effort_count': 21}]",,6969142646,1,1057751,1,14452623,2,Descenso real Coll de Soller,Ride,4873.8,-5.1,0.0,484.8,234.0,"[39.730475, 2.686211]","[39.716404, 2.690344]",,0,,,,False,False,False,,
2960541445700495564,2,Descenso real Coll de Soller,496,496,2022-05-14T06:02:30Z,2022-05-14T08:02:30Z,4873.8,1992,2488,56.4,True,77.5,,"[{'type_id': 7, 'type': 'segment_effort_count_leader', 'rank': 1, 'effort_count': 21}]",,7140631579,1,1057751,1,14452623,2,Descenso real Coll de Soller,Ride,4873.8,-5.1,0.0,484.8,234.0,"[39.730475, 2.686211]","[39.716404, 2.690344]",,0,,,,False,False,False,,
2936976406588491296,2,Descenso real Coll de Soller,497,497,2022-03-10T10:37:40Z,2022-03-10T11:37:40Z,4873.8,2004,2501,58.3,True,121.2,2.0,"[{'type_id': 3, 'type': 'pr', 'rank': 2}, {'type_id': 7, 'type': 'segment_effort_count_leader', 'rank': 1, 'effort_count': 21}]",,6801929424,1,1057751,1,14452623,2,Descenso real Coll de Soller,Ride,4873.8,-5.1,0.0,484.8,234.0,"[39.730475, 2.686211]","[39.716404, 2.690344]",,0,,,,False,False,False,,
2938847914548270174,2,Descenso real Coll de Soller,497,497,2022-03-15T09:48:07Z,2022-03-15T10:48:07Z,4873.8,2824,3321,62.6,True,112.8,3.0,"[{'type_id': 3, 'type': 'pr', 'rank': 3}, {'type_id': 7, 'type': 'segment_effort_count_leader', 'rank': 1, 'effort_count': 21}]",,6828322838,1,1057751,1,14452623,2,Descenso real Coll de Soller,Ride,4873.8,-5.1,0.0,484.8,234.0,"[39.730475, 2.686211]","[39.716404, 2.690344]",,0,,,,False,False,False,,
2970671367459856288,2,Descenso real Coll de Soller,498,498,2022-06-11T05:18:01Z,2022-06-11T07:18:01Z,4873.8,2132,2630,50.7,True,66.6,,"[{'type_id': 7, 'type': 'segment_effort_count_leader', 'rank': 1, 'effort_count': 21}]",,7290238140,1,1057751,1,14452623,2,Descenso real Coll de Soller,Ride,4873.8,-5.1,0.0,484.8,234.0,"[39.730475, 2.686211]","[39.716404, 2.690344]",,0,,,,False,False,False,,
2967025485883995942,2,Descenso real Coll de Soller,500,500,2022-06-01T05:20:53Z,2022-06-01T07:20:53Z,4873.8,1911,2411,54.6,True,92.0,,"[{'type_id': 7, 'type': 'segment_effort_count_leader', 'rank': 1, 'effort_count': 21}]",,7236468386,1,1057751,1,14452623,2,Descenso real Coll de Soller,Ride,4873.8,-5.1,0.0,484.8,234.0,"[39.730475, 2.686211]","[39.716404, 2.690344]",,0,,,,False,False,False,,
2968432161829413206,2,Descenso real Coll de Soller,500,500,2022-06-05T05:52:24Z,2022-06-05T07:52:24Z,4873.8,2613,3113,49.3,True,70.5,,"[{'type_id': 7, 'type': 'segment_effort_count_leader', 'rank': 1, 'effort_count': 21}]",,7257152612,1,1057751,1,14452623,2,Descenso real Coll de Soller,Ride,4873.8,-5.1,0.0,484.8,234.0,"[39.730475, 2.686211]","[39.716404, 2.690344]",,0,,,,False,False,False,,
2976803222812664070,2,Descenso real Coll de Soller,500,500,2022-06-28T05:06:46Z,2022-06-28T07:06:46Z,4873.8,2052,2552,53.0,True,74.6,,"[{'type_id': 7, 'type': 'segment_effort_count_leader', 'rank': 1, 'effort_count': 21}]",,7380802056,1,1057751,1,14452623,2,Descenso real Coll de Soller,Ride,4873.8,-5.1,0.0,484.8,234.0,"[39.730475, 2.686211]","[39.716404, 2.690344]",,0,,,,False,False,False,,
2930807567068366026,2,Descenso real Coll de Soller,501,501,2022-02-21T10:19:39Z,2022-02-21T11:19:39Z,4873.8,1933,2434,52.9,True,119.4,1.0,"[{'type_id': 3, 'type': 'pr', 'rank': 1}, {'type_id': 7, 'type': 'segment_effort_count_leader', 'rank': 1, 'effort_count': 21}]",,6715559598,1,1057751,1,14452623,2,Descenso real Coll de Soller,Ride,4873.8,-5.1,0.0,484.8,234.0,"[39.730475, 2.686211]","[39.716404, 2.690344]",,0,,,,False,False,False,,
2969569979835498254,2,Descenso real Coll de Soller,501,501,2022-06-08T05:35:27Z,2022-06-08T07:35:27Z,4873.8,2088,2589,56.8,True,82.1,,"[{'type_id': 7, 'type': 'segment_effort_count_leader', 'rank': 1, 'effort_count': 21}]",,7274403243,1,1057751,1,14452623,2,Descenso real Coll de Soller,Ride,4873.8,-5.1,0.0,484.8,234.0,"[39.730475, 2.686211]","[39.716404, 2.690344]",,0,,,,False,False,False,,
3050047208516963562,2,Descenso real Coll de Soller,503,503,2023-01-16T10:14:38Z,2023-01-16T11:14:38Z,4873.8,2110,2613,54.0,True,88.4,,"[{'type_id': 7, 'type': 'segment_effort_count_leader', 'rank': 1, 'effort_count': 21}]",,8400728535,1,1057751,1,14452623,2,Descenso real Coll de Soller,Ride,4873.8,-5.1,0.0,484.8,234.0,"[39.730475, 2.686211]","[39.716404, 2.690344]",,0,,,,False,False,False,121.9,145.0
3013781766073009142,2,Descenso real Coll de Soller,505,505,2022-10-08T06:08:11Z,2022-10-08T08:08:11Z,4873.8,1991,2496,53.1,True,93.4,,"[{'type_id': 7, 'type': 'segment_effort_count_leader', 'rank': 1, 'effort_count': 21}]",,7929689196,1,1057751,1,14452623,2,Descenso real Coll de Soller,Ride,4873.8,-5.1,0.0,484.8,234.0,"[39.730475, 2.686211]","[39.716404, 2.690344]",,0,,,,False,False,False,,
3019169337177525958,2,Descenso real Coll de Soller,505,505,2022-10-23T06:19:29Z,2022-10-23T08:19:29Z,4873.8,2084,2589,49.3,True,60.4,,"[{'type_id': 7, 'type': 'segment_effort_count_leader', 'rank': 1, 'effort_count': 21}]",,8005256592,1,1057751,1,14452623,2,Descenso real Coll de Soller,Ride,4873.8,-5.1,0.0,484.8,234.0,"[39.730475, 2.686211]","[39.716404, 2.690344]",,0,,,,False,False,False,110.0,141.0
3063159463142080424,2,Descenso real Coll de Soller,505,505,2023-02-21T09:44:54Z,2023-02-21T10:44:54Z,4873.8,1978,2483,54.1,True,91.1,,"[{'type_id': 7, 'type': 'segment_effort_count_leader', 'rank': 1, 'effort_count': 21}]",,8599298718,1,1057751,1,14452623,2,Descenso real Coll de Soller,Ride,4873.8,-5.1,0.0,484.8,234.0,"[39.730475, 2.686211]","[39.716404, 2.690344]",,0,,,,False,False,False,119.7,150.0
2965208569288440390,2,Descenso real Coll de Soller,507,507,2022-05-27T08:18:50Z,2022-05-27T10:18:50Z,4873.8,2438,2945,51.0,True,72.9,,"[{'type_id': 7, 'type': 'segment_effort_count_leader', 'rank': 1, 'effort_count': 21}]",,7210003821,1,1057751,1,14452623,2,Descenso real Coll de Soller,Ride,4873.8,-5.1,0.0,484.8,234.0,"[39.730475, 2.686211]","[39.716404, 2.690344]",,0,,,,False,False,False,,
3024652355110662738,2,Descenso real Coll de Soller,508,508,2022-11-07T07:02:02Z,2022-11-07T08:02:02Z,4873.8,750,1088,18.0,True,0.0,,"[{'type_id': 7, 'type': 'segment_effort_count_leader', 'rank': 1, 'effort_count': 21}]",,8081369697,1,1057751,1,14452623,2,Descenso real Coll de Soller,Ride,4873.8,-5.1,0.0,484.8,234.0,"[39.730475, 2.686211]","[39.716404, 2.690344]",,0,,,,False,False,False,111.0,148.0
3042385179423098854,2,Descenso real Coll de Soller,508,508,2022-12-26T07:19:38Z,2022-12-26T08:19:38Z,4873.8,2080,2588,45.5,True,61.1,,"[{'type_id': 7, 'type': 'segment_effort_count_leader', 'rank': 1, 'effort_count': 21}]",,8291858265,1,1057751,1,14452623,2,Descenso real Coll de Soller,Ride,4873.8,-5.1,0.0,484.8,234.0,"[39.730475, 2.686211]","[39.716404, 2.690344]",,0,,,,False,False,False,113.8,140.0
2972113197664504440,2,Descenso real Coll de Soller,509,509,2022-06-15T05:14:20Z,2022-06-15T07:14:20Z,4873.8,2109,2618,49.6,True,72.0,,"[{'type_id': 7, 'type': 'segment_effort_count_leader', 'rank': 1, 'effort_count': 21}]",,7312217050,1,1057751,1,14452623,2,Descenso real Coll de Soller,Ride,4873.8,-5.1,0.0,484.8,234.0,"[39.730475, 2.686211]","[39.716404, 2.690344]",,0,,,,False,False,False,,
2993475614828841860,2,Descenso real Coll de Soller,509,509,2022-08-13T05:54:16Z,2022-08-13T07:54:16Z,4873.8,2153,2662,49.0,True,87.7,,"[{'type_id': 7, 'type': 'segment_effort_count_leader', 'rank': 1, 'effort_count': 21}]",,7629965036,1,1057751,1,14452623,2,Descenso real Coll de Soller,Ride,4873.8,-5.1,0.0,484.8,234.0,"[39.730475, 2.686211]","[39.716404, 2.690344]",,0,,,,False,False,False,,
2924634581547303122,2,Descenso real Coll de Soller,510,510,2022-02-04T09:31:34Z,2022-02-04T10:31:34Z,4873.8,2477,2987,54.8,True,101.5,1.0,"[{'type_id': 3, 'type': 'pr', 'rank': 1}, {'type_id': 7, 'type': 'segment_effort_count_leader', 'rank': 1, 'effort_count': 21}]",,6629208352,1,1057751,1,14452623,2,Descenso real Coll de Soller,Ride,4873.8,-5.1,0.0,484.8,234.0,"[39.730475, 2.686211]","[39.716404, 2.690344]",,0,,,,False,False,False,,
2979726779474009526,2,Descenso real Coll de Soller,510,510,2022-07-06T05:09:44Z,2022-07-06T07:09:44Z,4873.8,2111,2621,43.0,True,59.6,,"[{'type_id': 7, 'type': 'segment_effort_count_leader', 'rank': 1, 'effort_count': 21}]",,7423951894,1,1057751,1,14452623,2,Descenso real Coll de Soller,Ride,4873.8,-5.1,0.0,484.8,234.0,"[39.730475, 2.686211]","[39.716404, 2.690344]",,0,,,,False,False,False,,
2907028790148221158,2,Descenso real Coll de Soller,511,511,2021-12-17T09:37:15Z,2021-12-17T10:37:15Z,4873.8,2108,2541,,False,40.0,1.0,"[{'type_id': 3, 'type': 'pr', 'rank': 1}, {'type_id': 7, 'type': 'segment_effort_count_leader', 'rank': 1, 'effort_count': 21}]",,6394042640,1,1057751,1,14452623,2,Descenso real Coll de Soller,Ride,4873.8,-5.1,0.0,484.8,234.0,"[39.730475, 2.686211]","[39.716404, 2.690344]",,0,,,,False,False,False,,
2974651239953211568,2,Descenso real Coll de Soller,511,511,2022-06-22T05:13:24Z,2022-06-22T07:13:24Z,4873.8,2122,2633,53.4,True,74.2,,"[{'type_id': 7, 'type': 'segment_effort_count_leader', 'rank': 1, 'effort_count': 21}]",,7349754452,1,1057751,1,14452623,2,Descenso real Coll de Soller,Ride,4873.8,-5.1,0.0,484.8,234.0,"[39.730475, 2.686211]","[39.716404, 2.690344]",,0,,,,False,False,False,,
3018155142756638796,2,Descenso real Coll de Soller,511,511,2022-10-20T11:44:13Z,2022-10-20T13:44:13Z,4873.8,3598,4109,53.0,True,89.7,,"[{'type_id': 7, 'type': 'segment_effort_count_leader', 'rank': 1, 'effort_count': 21}]",,7992108920,1,1057751,1,14452623,2,Descenso real Coll de Soller,Ride,4873.8,-5.1,0.0,484.8,234.0,"[39.730475, 2.686211]","[39.716404, 2.690344]",,0,,,,False,False,False,121.3,150.0
3040259032978171474,2,Descenso real Coll de Soller,511,511,2022-12-20T10:31:33Z,2022-12-20T11:31:33Z,4873.8,1886,2397,50.7,True,75.0,,"[{'type_id': 7, 'type': 'segment_effort_count_leader', 'rank': 1, 'effort_count': 21}]",,8270187675,1,1057751,1,14452623,2,Descenso real Coll de Soller,Ride,4873.8,-5.1,0.0,484.8,234.0,"[39.730475, 2.686211]","[39.716404, 2.690344]",,0,,,,False,False,False,120.1,159.0
2977484103515694678,2,Descenso real Coll de Soller,513,504,2022-06-30T05:23:02Z,2022-06-30T07:23:02Z,4873.8,2592,3097,49.3,True,89.6,,"[{'type_id': 7, 'type': 'segment_effort_count_leader', 'rank': 1, 'effort_count': 21}]",,7391354293,1,1057751,1,14452623,2,Descenso real Coll de Soller,Ride,4873.8,-5.1,0.0,484.8,234.0,"[39.730475, 2.686211]","[39.716404, 2.690344]",,0,,,,False,False,False,,
3023935932302140944,2,Descenso real Coll de Soller,513,513,2022-11-05T08:28:58Z,2022-11-05T09:28:58Z,4873.8,2671,3184,46.8,True,59.3,,"[{'type_id': 7, 'type': 'segment_effort_count_leader', 'rank': 1, 'effort_count': 21}]",,8071128341,1,1057751,1,14452623,2,Descenso real Coll de Soller,Ride,4873.8,-5.1,0.0,484.8,234.0,"[39.730475, 2.686211]","[39.716404, 2.690344]",,0,,,,False,False,False,110.3,136.0
2959445738980225680,2,Descenso real Coll de Soller,514,514,2022-05-11T07:11:03Z,2022-05-11T09:11:03Z,4873.8,1940,2454,53.8,True,83.3,,"[{'type_id': 7, 'type': 'segment_effort_count_leader', 'rank': 1, 'effort_count': 21}]",,7124375172,1,1057751,1,14452623,2,Descenso real Coll de Soller,Ride,4873.8,-5.1,0.0,484.8,234.0,"[39.730475, 2.686211]","[39.716404, 2.690344]",,0,,,,False,False,False,,
3043840020633955474,2,Descenso real Coll de Soller,514,514,2022-12-30T08:04:14Z,2022-12-30T09:04:14Z,4873.8,2771,3285,50.6,True,71.6,,"[{'type_id': 7, 'type': 'segment_effort_count_leader', 'rank': 1, 'effort_count': 21}]",,8310323132,1,1057751,1,14452623,2,Descenso real Coll de Soller,Ride,4873.8,-5.1,0.0,484.8,234.0,"[39.730475, 2.686211]","[39.716404, 2.690344]",,0,,,,False,False,False,116.1,143.0
2923188783544057434,2,Descenso real Coll de Soller,515,515,2022-01-31T09:45:13Z,2022-01-31T10:45:13Z,4873.8,2683,3198,51.6,True,101.7,2.0,"[{'type_id': 3, 'type': 'pr', 'rank': 2}, {'type_id': 7, 'type': 'segment_effort_count_leader', 'rank': 1, 'effort_count': 21}]",,6609171436,1,1057751,1,14452623,2,Descenso real Coll de Soller,Ride,4873.8,-5.1,0.0,484.8,234.0,"[39.730475, 2.686211]","[39.716404, 2.690344]",,0,,,,False,False,False,,
3034819975868471038,2,Descenso real Coll de Soller,515,515,2022-12-05T10:29:11Z,2022-12-05T11:29:11Z,4873.8,3814,4329,52.1,True,76.2,,"[{'type_id': 7, 'type': 'segment_effort_count_leader', 'rank': 1, 'effort_count': 21}]",,8210074198,1,1057751,1,14452623,2,Descenso real Coll de Soller,Ride,4873.8,-5.1,0.0,484.8,234.0,"[39.730475, 2.686211]","[39.716404, 2.690344]",,0,,,,False,False,False,114.3,144.0
3030450429400325562,2,Descenso real Coll de Soller,517,517,2022-11-23T07:06:17Z,2022-11-23T08:06:17Z,4873.8,2095,2612,49.1,True,68.4,,"[{'type_id': 7, 'type': 'segment_effort_count_leader', 'rank': 1, 'effort_count': 21}]",,8156853197,1,1057751,1,14452623,2,Descenso real Coll de Soller,Ride,4873.8,-5.1,0.0,484.8,234.0,"[39.730475, 2.686211]","[39.716404, 2.690344]",,0,,,,False,False,False,111.9,148.0
3045680808808453912,2,Descenso real Coll de Soller,518,518,2023-01-04T07:09:18Z,2023-01-04T08:09:18Z,4873.8,2117,2635,51.7,True,76.9,,"[{'type_id': 7, 'type': 'segment_effort_count_leader', 'rank': 1, 'effort_count': 21}]",,8335915674,1,1057751,1,14452623,2,Descenso real Coll de Soller,Ride,4873.8,-5.1,0.0,484.8,234.0,"[39.730475, 2.686211]","[39.716404, 2.690344]",,0,,,,False,False,False,114.0,147.0
3061293587228892276,2,Descenso real Coll de Soller,518,518,2023-02-15T09:52:02Z,2023-02-15T10:52:02Z,4873.8,875,1232,,False,44.0,,"[{'type_id': 7, 'type': 'segment_effort_count_leader', 'rank': 1, 'effort_count': 21}]",,8570810838,1,1057751,1,14452623,2,Descenso real Coll de Soller,Ride,4873.8,-5.1,0.0,484.8,234.0,"[39.730475, 2.686211]","[39.716404, 2.690344]",,0,,,,False,False,False,112.6,155.0
2944929288484737396,2,Descenso real Coll de Soller,520,520,2022-04-01T08:15:50Z,2022-04-01T10:15:50Z,4873.8,1900,2420,48.5,True,80.6,,"[{'type_id': 7, 'type': 'segment_effort_count_leader', 'rank': 1, 'effort_count': 21}]",,6914999754,1,1057751,1,14452623,2,Descenso real Coll de Soller,Ride,4873.8,-5.1,0.0,484.8,234.0,"[39.730475, 2.686211]","[39.716404, 2.690344]",,0,,,,False,False,False,,
3029741577912306978,2,Descenso real Coll de Soller,523,523,2022-11-21T09:26:51Z,2022-11-21T10:26:51Z,4873.8,2768,3291,54.6,True,91.0,,"[{'type_id': 7, 'type': 'segment_effort_count_leader', 'rank': 1, 'effort_count': 21}]",,8148279727,1,1057751,1,14452623,2,Descenso real Coll de Soller,Ride,4873.8,-5.1,0.0,484.8,234.0,"[39.730475, 2.686211]","[39.716404, 2.690344]",,0,,,,False,False,False,109.6,124.0
3061998800124955188,2,Descenso real Coll de Soller,523,523,2023-02-18T07:08:38Z,2023-02-18T08:08:38Z,4873.8,2043,2566,49.1,True,55.5,,"[{'type_id': 7, 'type': 'segment_effort_count_leader', 'rank': 1, 'effort_count': 21}]",,8580767967,1,1057751,1,14452623,2,Descenso real Coll de Soller,Ride,4873.8,-5.1,0.0,484.8,234.0,"[39.730475, 2.686211]","[39.716404, 2.690344]",,0,,,,False,False,False,114.0,146.0
3044932738149215774,2,Descenso real Coll de Soller,524,524,2023-01-02T07:49:38Z,2023-01-02T08:49:38Z,4873.8,2345,2869,48.6,True,50.5,,"[{'type_id': 7, 'type': 'segment_effort_count_leader', 'rank': 1, 'effort_count': 21}]",,8324349255,1,1057751,1,14452623,2,Descenso real Coll de Soller,Ride,4873.8,-5.1,0.0,484.8,234.0,"[39.730475, 2.686211]","[39.716404, 2.690344]",,0,,,,False,False,False,107.0,131.0
3020297314816631464,2,Descenso real Coll de Soller,526,525,2022-10-26T06:03:27Z,2022-10-26T08:03:27Z,4873.8,2085,2611,41.7,True,42.6,,"[{'type_id': 7, 'type': 'segment_effort_count_leader', 'rank': 1, 'effort_count': 21}]",,8021249114,1,1057751,1,14452623,2,Descenso real Coll de Soller,Ride,4873.8,-5.1,0.0,484.8,234.0,"[39.730475, 2.686211]","[39.716404, 2.690344]",,0,,,,False,False,False,109.9,147.0
3034122366095254444,2,Descenso real Coll de Soller,526,526,2022-12-03T11:23:18Z,2022-12-03T12:23:18Z,4873.8,2040,2566,39.5,True,40.9,,"[{'type_id': 7, 'type': 'segment_effort_count_leader', 'rank': 1, 'effort_count': 21}]",,8201861957,1,1057751,1,14452623,2,Descenso real Coll de Soller,Ride,4873.8,-5.1,0.0,484.8,234.0,"[39.730475, 2.686211]","[39.716404, 2.690344]",,0,,,,False,False,False,102.1,125.0
3033367386265394956,2,Descenso real Coll de Soller,528,528,2022-12-01T10:01:02Z,2022-12-01T11:01:02Z,4873.8,2245,2773,49.8,True,56.6,,"[{'type_id': 7, 'type': 'segment_effort_count_leader', 'rank': 1, 'effort_count': 21}]",,8192995723,1,1057751,1,14452623,2,Descenso real Coll de Soller,Ride,4873.8,-5.1,0.0,484.8,234.0,"[39.730475, 2.686211]","[39.716404, 2.690344]",,0,,,,False,False,False,106.8,144.0
3027194303191741082,2,Descenso real Coll de Soller,530,530,2022-11-14T09:42:46Z,2022-11-14T10:42:46Z,4873.8,2009,2539,50.6,True,56.5,,"[{'type_id': 7, 'type': 'segment_effort_count_leader', 'rank': 1, 'effort_count': 21}]",,8116076646,1,1057751,1,14452623,2,Descenso real Coll de Soller,Ride,4873.8,-5.1,0.0,484.8,234.0,"[39.730475, 2.686211]","[39.716404, 2.690344]",,0,,,,False,False,False,102.5,133.0
2914548741233115844,2,Descenso real Coll de Soller,531,531,2022-01-07T13:55:42Z,2022-01-07T14:55:42Z,4873.8,1862,2295,,False,50.4,2.0,"[{'type_id': 3, 'type': 'pr', 'rank': 2}, {'type_id': 7, 'type': 'segment_effort_count_leader', 'rank': 1, 'effort_count': 21}]",,6486491229,1,1057751,1,14452623,2,Descenso real Coll de Soller,Ride,4873.8,-5.1,0.0,484.8,234.0,"[39.730475, 2.686211]","[39.716404, 2.690344]",,0,,,,False,False,False,,
2945638773490086962,2,Descenso real Coll de Soller,531,531,2022-04-03T08:19:28Z,2022-04-03T10:19:28Z,4873.8,2047,2578,55.9,True,83.7,,"[{'type_id': 7, 'type': 'segment_effort_count_leader', 'rank': 1, 'effort_count': 21}]",,6924109994,1,1057751,1,14452623,2,Descenso real Coll de Soller,Ride,4873.8,-5.1,0.0,484.8,234.0,"[39.730475, 2.686211]","[39.716404, 2.690344]",,0,,,,False,False,False,,
3037709567381511044,2,Descenso real Coll de Soller,532,532,2022-12-13T09:43:45Z,2022-12-13T10:43:45Z,4873.8,2862,3394,41.7,True,50.9,,"[{'type_id': 7, 'type': 'segment_effort_count_leader', 'rank': 1, 'effort_count': 21}]",,8243058869,1,1057751,1,14452623,2,Descenso real Coll de Soller,Ride,4873.8,-5.1,0.0,484.8,234.0,"[39.730475, 2.686211]","[39.716404, 2.690344]",,0,,,,False,False,False,119.4,148.0
2930131634262483618,2,Descenso real Coll de Soller,538,538,2022-02-19T14:13:49Z,2022-02-19T15:13:49Z,4873.8,2231,2769,41.1,True,52.1,,"[{'type_id': 7, 'type': 'segment_effort_count_leader', 'rank': 1, 'effort_count': 21}]",,6706580107,1,1057751,1,14452623,2,Descenso real Coll de Soller,Ride,4873.8,-5.1,0.0,484.8,234.0,"[39.730475, 2.686211]","[39.716404, 2.690344]",,0,,,,False,False,False,,
2936617867253193342,2,Descenso real Coll de Soller,539,539,2022-03-09T09:41:58Z,2022-03-09T10:41:58Z,4873.8,2032,2571,49.7,True,78.2,,"[{'type_id': 7, 'type': 'segment_effort_count_leader', 'rank': 1, 'effort_count': 21}]",,6796881655,1,1057751,1,14452623,2,Descenso real Coll de Soller,Ride,4873.8,-5.1,0.0,484.8,234.0,"[39.730475, 2.686211]","[39.716404, 2.690344]",,0,,,,False,False,False,,
3048220023361415140,2,Descenso real Coll de Soller,539,539,2023-01-11T07:06:18Z,2023-01-11T08:06:18Z,4873.8,2021,2560,41.1,True,53.6,,"[{'type_id': 7, 'type': 'segment_effort_count_leader', 'rank': 1, 'effort_count': 21}]",,8373857868,1,1057751,1,14452623,2,Descenso real Coll de Soller,Ride,4873.8,-5.1,0.0,484.8,234.0,"[39.730475, 2.686211]","[39.716404, 2.690344]",,0,,,,False,False,False,112.5,141.0
2907972029396417052,2,Descenso real Coll de Soller,540,540,2021-12-20T09:43:13Z,2021-12-20T10:43:13Z,4873.8,1444,1902,,False,30.7,2.0,"[{'type_id': 3, 'type': 'pr', 'rank': 2}, {'type_id': 7, 'type': 'segment_effort_count_leader', 'rank': 1, 'effort_count': 21}]",,6406239304,1,1057751,1,14452623,2,Descenso real Coll de Soller,Ride,4873.8,-5.1,0.0,484.8,234.0,"[39.730475, 2.686211]","[39.716404, 2.690344]",,0,,,,False,False,False,,
3055477372700322480,2,Descenso real Coll de Soller,540,540,2023-01-31T10:41:59Z,2023-01-31T11:41:59Z,4873.8,2151,2691,51.6,True,53.5,,"[{'type_id': 7, 'type': 'segment_effort_count_leader', 'rank': 1, 'effort_count': 21}]",,8481414172,1,1057751,1,14452623,2,Descenso real Coll de Soller,Ride,4873.8,-5.1,0.0,484.8,234.0,"[39.730475, 2.686211]","[39.716404, 2.690344]",,0,,,,False,False,False,115.6,148.0
3010156740206241644,2,Descenso real Coll de Soller,542,542,2022-09-28T05:07:56Z,2022-09-28T07:07:56Z,4873.8,2155,2697,41.6,True,70.4,,"[{'type_id': 7, 'type': 'segment_effort_count_leader', 'rank': 1, 'effort_count': 21}]",,7879163259,1,1057751,1,14452623,2,Descenso real Coll de Soller,Ride,4873.8,-5.1,0.0,484.8,234.0,"[39.730475, 2.686211]","[39.716404, 2.690344]",,0,,,,False,False,False,,
2951412674341616462,2,Descenso real Coll de Soller,547,547,2022-04-19T07:01:06Z,2022-04-19T09:01:06Z,4873.8,2005,2552,49.6,True,68.8,,"[{'type_id': 7, 'type': 'segment_effort_count_leader', 'rank': 1, 'effort_count': 21}]",,7005644673,1,1057751,1,14452623,2,Descenso real Coll de Soller,Ride,4873.8,-5.1,0.0,484.8,234.0,"[39.730475, 2.686211]","[39.716404, 2.690344]",,0,,,,False,False,False,,
3046744719315557420,2,Descenso real Coll de Soller,548,548,2023-01-07T08:14:17Z,2023-01-07T09:14:17Z,4873.8,4585,5133,43.2,True,46.6,,"[{'type_id': 7, 'type': 'segment_effort_count_leader', 'rank': 1, 'effort_count': 21}]",,8351078836,1,1057751,1,14452623,2,Descenso real Coll de Soller,Ride,4873.8,-5.1,0.0,484.8,234.0,"[39.730475, 2.686211]","[39.716404, 2.690344]",,0,,,,False,False,False,101.4,138.0
3048946701857830596,2,Descenso real Coll de Soller,549,549,2023-01-13T09:51:42Z,2023-01-13T10:51:42Z,4873.8,2538,3087,32.1,True,36.3,,"[{'type_id': 7, 'type': 'segment_effort_count_leader', 'rank': 1, 'effort_count': 21}]",,8384460955,1,1057751,1,14452623,2,Descenso real Coll de Soller,Ride,4873.8,-5.1,0.0,484.8,234.0,"[39.730475, 2.686211]","[39.716404, 2.690344]",,0,,,,False,False,False,110.0,140.0
3010545321214876524,2,Descenso real Coll de Soller,550,550,2022-09-29T10:26:02Z,2022-09-29T12:26:02Z,4873.8,2477,3027,29.2,True,36.5,,"[{'type_id': 7, 'type': 'segment_effort_count_leader', 'rank': 1, 'effort_count': 21}]",,7884578467,1,1057751,1,14452623,2,Descenso real Coll de Soller,Ride,4873.8,-5.1,0.0,484.8,234.0,"[39.730475, 2.686211]","[39.716404, 2.690344]",,0,,,,False,False,False,,
3049284372307222878,2,Descenso real Coll de Soller,550,550,2023-01-14T06:59:03Z,2023-01-14T07:59:03Z,4873.8,2203,2753,37.4,True,32.1,,"[{'type_id': 7, 'type': 'segment_effort_count_leader', 'rank': 1, 'effort_count': 21}]",,8388920828,1,1057751,1,14452623,2,Descenso real Coll de Soller,Ride,4873.8,-5.1,0.0,484.8,234.0,"[39.730475, 2.686211]","[39.716404, 2.690344]",,0,,,,False,False,False,105.6,139.0
3025382404544406828,2,Descenso real Coll de Soller,552,552,2022-11-09T07:20:11Z,2022-11-09T08:20:11Z,4873.8,2174,2726,42.0,True,41.9,,"[{'type_id': 7, 'type': 'segment_effort_count_leader', 'rank': 1, 'effort_count': 21}]",,8091324244,1,1057751,1,14452623,2,Descenso real Coll de Soller,Ride,4873.8,-5.1,0.0,484.8,234.0,"[39.730475, 2.686211]","[39.716404, 2.690344]",,0,,,,False,False,False,104.8,140.0
2918876100389388584,2,Descenso real Coll de Soller,555,552,2022-01-19T08:41:02Z,2022-01-19T09:41:02Z,4873.8,2187,2742,44.5,True,71.2,,"[{'type_id': 7, 'type': 'segment_effort_count_leader', 'rank': 1, 'effort_count': 21}]",,6548314123,1,1057751,1,14452623,2,Descenso real Coll de Soller,Ride,4873.8,-5.1,0.0,484.8,234.0,"[39.730475, 2.686211]","[39.716404, 2.690344]",,0,,,,False,False,False,,
3031526720919449886,2,Descenso real Coll de Soller,567,535,2022-11-26T06:52:48Z,2022-11-26T07:52:48Z,4873.8,2267,2834,38.6,True,51.3,,"[{'type_id': 7, 'type': 'segment_effort_count_leader', 'rank': 1, 'effort_count': 21}]",,8169719571,1,1057751,1,14452623,2,Descenso real Coll de Soller,Ride,4873.8,-5.1,0.0,484.8,234.0,"[39.730475, 2.686211]","[39.716404, 2.690344]",,0,,,,False,False,False,105.7,130.0
3050726690297143422,2,Descenso real Coll de Soller,572,572,2023-01-18T06:57:57Z,2023-01-18T07:57:57Z,4873.8,2127,2699,35.0,True,38.0,,"[{'type_id': 7, 'type': 'segment_effort_count_leader', 'rank': 1, 'effort_count': 21}]",,8410869193,1,1057751,1,14452623,2,Descenso real Coll de Soller,Ride,4873.8,-5.1,0.0,484.8,234.0,"[39.730475, 2.686211]","[39.716404, 2.690344]",,0,,,,False,False,False,107.4,141.0
3051838827772151070,2,Descenso real Coll de Soller,574,574,2023-01-21T06:59:49Z,2023-01-21T07:59:49Z,4873.8,2051,2625,47.3,True,69.5,,"[{'type_id': 7, 'type': 'segment_effort_count_leader', 'rank': 1, 'effort_count': 21}]",,8426763521,1,1057751,1,14452623,2,Descenso real Coll de Soller,Ride,4873.8,-5.1,0.0,484.8,234.0,"[39.730475, 2.686211]","[39.716404, 2.690344]",,0,,,,False,False,False,115.7,152.0
2909436387642276380,2,Descenso real Coll de Soller,576,564,2021-12-24T09:45:34Z,2021-12-24T10:45:34Z,4873.8,1393,1864,,False,32.2,3.0,"[{'type_id': 3, 'type': 'pr', 'rank': 3}, {'type_id': 7, 'type': 'segment_effort_count_leader', 'rank': 1, 'effort_count': 21}]",,6422003892,1,1057751,1,14452623,2,Descenso real Coll de Soller,Ride,4873.8,-5.1,0.0,484.8,234.0,"[39.730475, 2.686211]","[39.716404, 2.690344]",,0,,,,False,False,False,,
3011975627966403438,2,Descenso real Coll de Soller,591,591,2022-10-03T08:09:28Z,2022-10-03T10:09:28Z,4873.8,2459,3050,23.6,True,16.6,,"[{'type_id': 7, 'type': 'segment_effort_count_leader', 'rank': 1, 'effort_count': 21}]",,7904213201,1,1057751,1,14452623,2,Descenso real Coll de Soller,Ride,4873.8,-5.1,0.0,484.8,234.0,"[39.730475, 2.686211]","[39.716404, 2.690344]",,0,,,,False,False,False,,
3046384994110741028,2,Descenso real Coll de Soller,593,593,2023-01-06T07:59:17Z,2023-01-06T08:59:17Z,4873.8,2905,3498,37.3,True,28.2,,"[{'type_id': 7, 'type': 'segment_effort_count_leader', 'rank': 1, 'effort_count': 21}]",,8346103310,1,1057751,1,14452623,2,Descenso real Coll de Soller,Ride,4873.8,-5.1,0.0,484.8,234.0,"[39.730475, 2.686211]","[39.716404, 2.690344]",,0,,,,False,False,False,,
3038062685136644996,2,Descenso real Coll de Soller,596,564,2022-12-14T07:06:24Z,2022-12-14T08:06:24Z,4873.8,2186,2753,30.4,True,42.0,,"[{'type_id': 7, 'type': 'segment_effort_count_leader', 'rank': 1, 'effort_count': 21}]",,8246946310,1,1057751,1,14452623,2,Descenso real Coll de Soller,Ride,4873.8,-5.1,0.0,484.8,234.0,"[39.730475, 2.686211]","[39.716404, 2.690344]",,0,,,,False,False,False,108.0,127.0
2916674789299257726,2,Descenso real Coll de Soller,598,598,2022-01-13T09:35:55Z,2022-01-13T10:35:55Z,4873.8,3990,4588,25.8,True,57.7,,"[{'type_id': 7, 'type': 'segment_effort_count_leader', 'rank': 1, 'effort_count': 21}]",,6516307772,1,1057751,1,14452623,2,Descenso real Coll de Soller,Ride,4873.8,-5.1,0.0,484.8,234.0,"[39.730475, 2.686211]","[39.716404, 2.690344]",,0,,,,False,False,False,,
2972806642670673438,2,Descenso real Coll de Soller,600,600,2022-06-17T08:17:46Z,2022-06-17T10:17:46Z,4873.8,2862,3462,6.0,True,4.4,,"[{'type_id': 7, 'type': 'segment_effort_count_leader', 'rank': 1, 'effort_count': 21}]",,7322643503,1,1057751,1,14452623,2,Descenso real Coll de Soller,Ride,4873.8,-5.1,0.0,484.8,234.0,"[39.730475, 2.686211]","[39.716404, 2.690344]",,0,,,,False,False,False,,
3044267210977691608,2,Descenso real Coll de Soller,602,602,2022-12-31T07:55:37Z,2022-12-31T08:55:37Z,4873.8,2581,3183,18.4,True,8.1,,"[{'type_id': 7, 'type': 'segment_effort_count_leader', 'rank': 1, 'effort_count': 21}]",,8316325809,1,1057751,1,14452623,2,Descenso real Coll de Soller,Ride,4873.8,-5.1,0.0,484.8,234.0,"[39.730475, 2.686211]","[39.716404, 2.690344]",,0,,,,False,False,False,93.4,130.0
3005796614318923330,2,Descenso real Coll de Soller,607,513,2022-09-16T08:05:24Z,2022-09-16T10:05:24Z,4873.8,2446,2962,50.0,True,108.6,,"[{'type_id': 7, 'type': 'segment_effort_count_leader', 'rank': 1, 'effort_count': 21}]",,7816453063,1,1057751,1,14452623,2,Descenso real Coll de Soller,Ride,4873.8,-5.1,0.0,484.8,234.0,"[39.730475, 2.686211]","[39.716404, 2.690344]",,0,,,,False,False,False,,
2926839967667721554,2,Descenso real Coll de Soller,612,582,2022-02-10T09:55:12Z,2022-02-10T10:55:12Z,4873.8,3780,4365,44.8,True,118.3,,"[{'type_id': 7, 'type': 'segment_effort_count_leader', 'rank': 1, 'effort_count': 21}]",,6660833505,1,1057751,1,14452623,2,Descenso real Coll de Soller,Ride,4873.8,-5.1,0.0,484.8,234.0,"[39.730475, 2.686211]","[39.716404, 2.690344]",,0,,,,False,False,False,,
2967756952302375064,2,Descenso real Coll de Soller,614,614,2022-06-03T08:16:58Z,2022-06-03T10:16:58Z,4873.8,2871,3485,16.9,True,12.9,,"[{'type_id': 7, 'type': 'segment_effort_count_leader', 'rank': 1, 'effort_count': 21}]",,7247422177,1,1057751,1,14452623,2,Descenso real Coll de Soller,Ride,4873.8,-5.1,0.0,484.8,234.0,"[39.730475, 2.686211]","[39.716404, 2.690344]",,0,,,,False,False,False,,
2915257614614871258,2,Descenso real Coll de Soller,618,520,2022-01-09T09:58:00Z,2022-01-09T10:58:00Z,4873.8,2474,2963,,False,54.0,,"[{'type_id': 7, 'type': 'segment_effort_count_leader', 'rank': 1, 'effort_count': 21}]",,6496616068,1,1057751,1,14452623,2,Descenso real Coll de Soller,Ride,4873.8,-5.1,0.0,484.8,234.0,"[39.730475, 2.686211]","[39.716404, 2.690344]",,0,,,,False,False,False,,
2925773887052365578,2,Descenso real Coll de Soller,621,515,2022-02-07T08:40:39Z,2022-02-07T09:40:39Z,4873.8,2032,2548,45.6,True,93.0,,"[{'type_id': 7, 'type': 'segment_effort_count_leader', 'rank': 1, 'effort_count': 21}]",,6645220446,1,1057751,1,14452623,2,Descenso real Coll de Soller,Ride,4873.8,-5.1,0.0,484.8,234.0,"[39.730475, 2.686211]","[39.716404, 2.690344]",,0,,,,False,False,False,,
2954004638935155710,2,Descenso real Coll de Soller,623,623,2022-04-26T10:17:25Z,2022-04-26T12:17:25Z,4873.8,847,1213,,False,21.6,,"[{'type_id': 7, 'type': 'segment_effort_count_leader', 'rank': 1, 'effort_count': 21}]",,7043249915,1,1057751,1,14452623,2,Descenso real Coll de Soller,Ride,4873.8,-5.1,0.0,484.8,234.0,"[39.730475, 2.686211]","[39.716404, 2.690344]",,0,,,,False,False,False,,
3041691323570968922,2,Descenso real Coll de Soller,625,625,2022-12-24T07:47:24Z,2022-12-24T08:47:24Z,4873.8,2748,3373,20.2,True,30.3,,"[{'type_id': 7, 'type': 'segment_effort_count_leader', 'rank': 1, 'effort_count': 21}]",,8285373834,1,1057751,1,14452623,2,Descenso real Coll de Soller,Ride,4873.8,-5.1,0.0,484.8,234.0,"[39.730475, 2.686211]","[39.716404, 2.690344]",,0,,,,False,False,False,,
3026101728062779450,2,Descenso real Coll de Soller,626,568,2022-11-11T09:05:16Z,2022-11-11T10:05:16Z,4873.8,2534,3160,39.4,True,51.1,,"[{'type_id': 7, 'type': 'segment_effort_count_leader', 'rank': 1, 'effort_count': 21}]",,8100844402,1,1057751,1,14452623,2,Descenso real Coll de Soller,Ride,4873.8,-5.1,0.0,484.8,234.0,"[39.730475, 2.686211]","[39.716404, 2.690344]",,0,,,,False,False,False,106.5,142.0
2921748784211730526,2,Descenso real Coll de Soller,633,591,2022-01-27T09:37:01Z,2022-01-27T10:37:01Z,4873.8,3193,3740,,False,3.9,,"[{'type_id': 7, 'type': 'segment_effort_count_leader', 'rank': 1, 'effort_count': 21}]",,6588991800,1,1057751,1,14452623,2,Descenso real Coll de Soller,Ride,4873.8,-5.1,0.0,484.8,234.0,"[39.730475, 2.686211]","[39.716404, 2.690344]",,0,,,,False,False,False,,
2961583551929816792,2,Descenso real Coll de Soller,637,566,2022-05-17T07:36:22Z,2022-05-17T09:36:22Z,4873.8,3300,3876,29.3,True,87.8,,"[{'type_id': 7, 'type': 'segment_effort_count_leader', 'rank': 1, 'effort_count': 21}]",,7156321838,1,1057751,1,14452623,2,Descenso real Coll de Soller,Ride,4873.8,-5.1,0.0,484.8,234.0,"[39.730475, 2.686211]","[39.716404, 2.690344]",,0,,,,False,False,False,,
3027915944512725756,2,Descenso real Coll de Soller,640,617,2022-11-16T07:05:19Z,2022-11-16T08:05:19Z,4873.8,2143,2763,33.1,True,34.2,,"[{'type_id': 7, 'type': 'segment_effort_count_leader', 'rank': 1, 'effort_count': 21}]",,8125462349,1,1057751,1,14452623,2,Descenso real Coll de Soller,Ride,4873.8,-5.1,0.0,484.8,234.0,"[39.730475, 2.686211]","[39.716404, 2.690344]",,0,,,,False,False,False,104.7,143.0
2937342876607559548,2,Descenso real Coll de Soller,646,646,2022-03-11T09:23:32Z,2022-03-11T10:23:32Z,4873.8,2788,3434,17.0,True,13.6,,"[{'type_id': 7, 'type': 'segment_effort_count_leader', 'rank': 1, 'effort_count': 21}]",,6806971510,1,1057751,1,14452623,2,Descenso real Coll de Soller,Ride,4873.8,-5.1,0.0,484.8,234.0,"[39.730475, 2.686211]","[39.716404, 2.690344]",,0,,,,False,False,False,,
2935876614456489110,2,Descenso real Coll de Soller,656,630,2022-03-07T09:32:17Z,2022-03-07T10:32:17Z,4873.8,3566,4200,20.2,True,24.0,,"[{'type_id': 7, 'type': 'segment_effort_count_leader', 'rank': 1, 'effort_count': 21}]",,6786459935,1,1057751,1,14452623,2,Descenso real Coll de Soller,Ride,4873.8,-5.1,0.0,484.8,234.0,"[39.730475, 2.686211]","[39.716404, 2.690344]",,0,,,,False,False,False,,
2991664183175264646,2,Descenso real Coll de Soller,658,517,2022-08-08T08:36:04Z,2022-08-08T10:36:04Z,4873.8,2658,3178,43.0,True,81.3,,"[{'type_id': 7, 'type': 'segment_effort_count_leader', 'rank': 1, 'effort_count': 21}]",,7602189992,1,1057751,1,14452623,2,Descenso real Coll de Soller,Ride,4873.8,-5.1,0.0,484.8,234.0,"[39.730475, 2.686211]","[39.716404, 2.690344]",,0,,,,False,False,False,,
2931177167831110858,2,Descenso real Coll de Soller,661,661,2022-02-22T09:54:14Z,2022-02-22T10:54:14Z,4873.8,3605,4266,10.9,True,10.4,,"[{'type_id': 7, 'type': 'segment_effort_count_leader', 'rank': 1, 'effort_count': 21}]",,6720626641,1,1057751,1,14452623,2,Descenso real Coll de Soller,Ride,4873.8,-5.1,0.0,484.8,234.0,"[39.730475, 2.686211]","[39.716404, 2.690344]",,0,,,,False,False,False,,
2926441948028453830,2,Descenso real Coll de Soller,664,576,2022-02-09T09:48:26Z,2022-02-09T10:48:26Z,4873.8,2470,3049,36.6,True,38.5,,"[{'type_id': 7, 'type': 'segment_effort_count_leader', 'rank': 1, 'effort_count': 21}]",,6654870266,1,1057751,1,14452623,2,Descenso real Coll de Soller,Ride,4873.8,-5.1,0.0,484.8,234.0,"[39.730475, 2.686211]","[39.716404, 2.690344]",,0,,,,False,False,False,,
3068924851292873002,2,Descenso real Coll de Soller,669,522,2023-03-05T10:09:41Z,2023-03-05T11:09:41Z,4873.8,1611,2133,43.0,True,87.5,,"[{'type_id': 7, 'type': 'segment_effort_count_leader', 'rank': 1, 'effort_count': 21}]",,8686228396,1,1057751,1,14452623,2,Descenso real Coll de Soller,Ride,4873.8,-5.1,0.0,484.8,234.0,"[39.730475, 2.686211]","[39.716404, 2.690344]",,0,,,,False,False,False,,
2928276300841536902,2,Descenso real Coll de Soller,676,676,2022-02-14T11:04:20Z,2022-02-14T12:04:20Z,4873.8,3743,4419,17.2,True,11.7,,"[{'type_id': 7, 'type': 'segment_effort_count_leader', 'rank': 1, 'effort_count': 21}]",,6681436872,1,1057751,1,14452623,2,Descenso real Coll de Soller,Ride,4873.8,-5.1,0.0,484.8,234.0,"[39.730475, 2.686211]","[39.716404, 2.690344]",,0,,,,False,False,False,,
3017782149565348984,2,Descenso real Coll de Soller,680,586,2022-10-19T06:01:19Z,2022-10-19T08:01:19Z,4873.8,2141,2728,22.5,True,26.5,,"[{'type_id': 7, 'type': 'segment_effort_count_leader', 'rank': 1, 'effort_count': 21}]",,7986987553,1,1057751,1,14452623,2,Descenso real Coll de Soller,Ride,4873.8,-5.1,0.0,484.8,234.0,"[39.730475, 2.686211]","[39.716404, 2.690344]",,0,,,,False,False,False,102.3,147.0
3033015335114429850,2,Descenso real Coll de Soller,693,583,2022-11-30T09:57:12Z,2022-11-30T10:57:12Z,4873.8,2321,2908,28.2,True,29.8,,"[{'type_id': 7, 'type': 'segment_effort_count_leader', 'rank': 1, 'effort_count': 21}]",,8188849599,1,1057751,1,14452623,2,Descenso real Coll de Soller,Ride,4873.8,-5.1,0.0,484.8,234.0,"[39.730475, 2.686211]","[39.716404, 2.690344]",,0,,,,False,False,False,121.5,174.0
2896367511805360290,2,Descenso real Coll de Soller,698,518,2021-11-18T09:06:57Z,2021-11-18T10:06:57Z,4873.8,732,1085,,False,24.5,,"[{'type_id': 7, 'type': 'segment_effort_count_leader', 'rank': 1, 'effort_count': 21}]",,6273979267,1,1057751,1,14452623,2,Descenso real Coll de Soller,Ride,4873.8,-5.1,0.0,484.8,234.0,"[39.730475, 2.686211]","[39.716404, 2.690344]",,0,,,,False,False,False,,
3047509554395437136,2,Descenso real Coll de Soller,719,719,2023-01-09T09:18:52Z,2023-01-09T10:18:52Z,4873.8,2628,3347,6.6,True,3.8,,"[{'type_id': 7, 'type': 'segment_effort_count_leader', 'rank': 1, 'effort_count': 21}]",,8363156152,1,1057751,1,14452623,2,Descenso real Coll de Soller,Ride,4873.8,-5.1,0.0,484.8,234.0,"[39.730475, 2.686211]","[39.716404, 2.690344]",,0,,,,False,False,False,81.5,141.0
3056534725857716678,2,Descenso real Coll de Soller,723,559,2023-02-01T10:42:30Z,2023-02-01T11:42:30Z,4873.8,2158,2718,34.4,True,32.1,,"[{'type_id': 7, 'type': 'segment_effort_count_leader', 'rank': 1, 'effort_count': 21}]",,8497248969,1,1057751,1,14452623,2,Descenso real Coll de Soller,Ride,4873.8,-5.1,0.0,484.8,234.0,"[39.730475, 2.686211]","[39.716404, 2.690344]",,0,,,,False,False,False,109.9,142.0
3006895069924507046,2,Descenso real Coll de Soller,730,557,2022-09-19T06:10:44Z,2022-09-19T08:10:44Z,4873.8,2552,3112,27.6,True,72.7,,"[{'type_id': 7, 'type': 'segment_effort_count_leader', 'rank': 1, 'effort_count': 21}]",,7832328583,1,1057751,1,14452623,2,Descenso real Coll de Soller,Ride,4873.8,-5.1,0.0,484.8,234.0,"[39.730475, 2.686211]","[39.716404, 2.690344]",,0,,,,False,False,False,,
3083347431997884742,2,Descenso real Coll de Soller,732,732,2023-04-18T07:59:31Z,2023-04-18T09:59:31Z,4873.8,2644,3376,10.7,True,14.1,,"[{'type_id': 7, 'type': 'segment_effort_count_leader', 'rank': 1, 'effort_count': 21}]",,8911484048,1,1057751,1,14452623,2,Descenso real Coll de Soller,Ride,4873.8,-5.1,0.0,484.8,234.0,"[39.730475, 2.686211]","[39.716404, 2.690344]",,0,,,,False,False,False,,
3061293628400394356,2,Descenso real Coll de Soller,737,736,2023-02-16T11:24:08Z,2023-02-16T12:24:08Z,4873.8,907,1332,,False,12.6,,"[{'type_id': 7, 'type': 'segment_effort_count_leader', 'rank': 1, 'effort_count': 21}]",,8570811293,1,1057751,1,14452623,2,Descenso real Coll de Soller,Ride,4873.8,-5.1,0.0,484.8,234.0,"[39.730475, 2.686211]","[39.716404, 2.690344]",,0,,,,False,False,False,82.9,128.0
3073889733269952314,2,Descenso real Coll de Soller,760,760,2023-03-20T14:10:59Z,2023-03-20T15:10:59Z,4873.8,2645,3405,5.7,True,3.1,,"[{'type_id': 7, 'type': 'segment_effort_count_leader', 'rank': 1, 'effort_count': 21}]",,8762300662,1,1057751,1,14452623,2,Descenso real Coll de Soller,Ride,4873.8,-5.1,0.0,484.8,234.0,"[39.730475, 2.686211]","[39.716404, 2.690344]",,0,,,,False,False,False,,
3017409278251390584,2,Descenso real Coll de Soller,769,607,2022-10-18T08:26:46Z,2022-10-18T10:26:46Z,4873.8,2486,3098,22.1,True,17.1,,"[{'type_id': 7, 'type': 'segment_effort_count_leader', 'rank': 1, 'effort_count': 21}]",,7981455013,1,1057751,1,14452623,2,Descenso real Coll de Soller,Ride,4873.8,-5.1,0.0,484.8,234.0,"[39.730475, 2.686211]","[39.716404, 2.690344]",,0,,,,False,False,False,86.7,135.0
3085527242458389520,2,Descenso real Coll de Soller,801,612,2023-04-24T08:22:09Z,2023-04-24T10:22:09Z,4873.8,2578,3199,34.4,True,106.1,,"[{'type_id': 7, 'type': 'segment_effort_count_leader', 'rank': 1, 'effort_count': 21}]",,8947500363,1,1057751,1,14452623,2,Descenso real Coll de Soller,Ride,4873.8,-5.1,0.0,484.8,234.0,"[39.730475, 2.686211]","[39.716404, 2.690344]",,0,,,,False,False,False,,
3055161483021087766,2,Descenso real Coll de Soller,855,855,2023-01-30T13:09:06Z,2023-01-30T14:09:06Z,4873.8,2616,3471,3.5,True,1.3,,"[{'type_id': 7, 'type': 'segment_effort_count_leader', 'rank': 1, 'effort_count': 21}]",,8476814273,1,1057751,1,14452623,2,Descenso real Coll de Soller,Ride,4873.8,-5.1,0.0,484.8,234.0,"[39.730475, 2.686211]","[39.716404, 2.690344]",,0,,,,False,False,False,84.7,117.0
3006500708566942118,2,Descenso real Coll de Soller,858,620,2022-09-18T06:57:11Z,2022-09-18T08:57:11Z,4873.8,3176,3802,21.3,True,29.0,,"[{'type_id': 7, 'type': 'segment_effort_count_leader', 'rank': 1, 'effort_count': 21}]",,7826261149,1,1057751,1,14452623,2,Descenso real Coll de Soller,Ride,4873.8,-5.1,0.0,484.8,234.0,"[39.730475, 2.686211]","[39.716404, 2.690344]",,0,,,,False,False,False,,
